{
  "getAllUserGrants" : {
    "transaction" : "getAllUserGrants",
    "sampleCount" : 100,
    "errorCount" : 96,
    "errorPct" : 96.0,
    "meanResTime" : 98734.86999999997,
    "medianResTime" : 99117.5,
    "minResTime" : 85513.0,
    "maxResTime" : 99404.0,
    "pct1ResTime" : 99258.0,
    "pct2ResTime" : 99307.8,
    "pct3ResTime" : 99403.56,
    "throughput" : 0.4566251746591293,
    "receivedKBytesPerSec" : 0.5276072013214733,
    "sentKBytesPerSec" : 1.187938930949141
  },
  "Total" : {
    "transaction" : "Total",
    "sampleCount" : 500,
    "errorCount" : 96,
    "errorPct" : 19.2,
    "meanResTime" : 28868.874000000007,
    "medianResTime" : 8553.5,
    "minResTime" : 245.0,
    "maxResTime" : 99404.0,
    "pct1ResTime" : 99117.9,
    "pct2ResTime" : 99180.3,
    "pct3ResTime" : 99308.76,
    "throughput" : 2.2233783789792914,
    "receivedKBytesPerSec" : 1356.8941656953282,
    "sentKBytesPerSec" : 5.794679900214778
  },
  "getNavigations" : {
    "transaction" : "getNavigations",
    "sampleCount" : 100,
    "errorCount" : 0,
    "errorPct" : 0.0,
    "meanResTime" : 462.40999999999997,
    "medianResTime" : 375.0,
    "minResTime" : 245.0,
    "maxResTime" : 1540.0,
    "pct1ResTime" : 728.4000000000001,
    "pct2ResTime" : 1049.3999999999994,
    "pct3ResTime" : 1538.8599999999994,
    "throughput" : 1.6798817363257628,
    "receivedKBytesPerSec" : 92.87149075330098,
    "sentKBytesPerSec" : 4.362114782119339
  },
  "getAllModules" : {
    "transaction" : "getAllModules",
    "sampleCount" : 100,
    "errorCount" : 0,
    "errorPct" : 0.0,
    "meanResTime" : 35862.540000000015,
    "medianResTime" : 34121.0,
    "minResTime" : 3416.0,
    "maxResTime" : 61851.0,
    "pct1ResTime" : 57370.4,
    "pct2ResTime" : 59009.45,
    "pct3ResTime" : 61835.66999999999,
    "throughput" : 0.8770852702299717,
    "receivedKBytesPerSec" : 2613.263845339169,
    "sentKBytesPerSec" : 2.267231162401109
  },
  "getAllRolesAndGrades" : {
    "transaction" : "getAllRolesAndGrades",
    "sampleCount" : 100,
    "errorCount" : 0,
    "errorPct" : 0.0,
    "meanResTime" : 8415.769999999995,
    "medianResTime" : 9109.0,
    "minResTime" : 467.0,
    "maxResTime" : 12254.0,
    "pct1ResTime" : 11428.2,
    "pct2ResTime" : 11723.249999999998,
    "pct3ResTime" : 12251.65,
    "throughput" : 0.8316492436150129,
    "receivedKBytesPerSec" : 7.866743997051803,
    "sentKBytesPerSec" : 2.179830634631538
  },
  "getProjectNavs" : {
    "transaction" : "getProjectNavs",
    "sampleCount" : 100,
    "errorCount" : 0,
    "errorPct" : 0.0,
    "meanResTime" : 868.7800000000002,
    "medianResTime" : 818.0,
    "minResTime" : 379.0,
    "maxResTime" : 1631.0,
    "pct1ResTime" : 1272.3000000000002,
    "pct2ResTime" : 1395.0999999999995,
    "pct3ResTime" : 1629.3699999999992,
    "throughput" : 0.7462965036008806,
    "receivedKBytesPerSec" : 4.506486657617821,
    "sentKBytesPerSec" : 1.960485932310907
  }
}